method,ops,avg_sec
gemm,17179869184,1.10642
freivalds,16777216,0.0287089
gemm,17179869184,1.03799
freivalds,16777216,0.00607175
gemm,17179869184,1.01464
freivalds,16777216,0.00968146
gemm,17179869184,1.01257
freivalds,16777216,0.00612709
gemm,17179869184,1.00643
freivalds,16777216,0.00609212
